[
    {
      "roleID": "1",
      "roleType": "Mitgliedschaften",
      "roleName": "Aktiv",
      "roleDescription": "Aktiv",
      "organisationID": "1320",
      "organisationName": "FF Eidenberg",
      "organisationType": "FF",
      "dateFrom": "2000-01-07",
      "dateTo": null,
      "iVolunteerSource": "LFV OÖ",
      "personID": "5dc2a215399af"
    },
    {
      "roleID": "2004",
      "roleType": "Dienstgrade",
      "roleName": "Probefeuerwehrmann",
      "roleDescription": "Probefeuerwehrmann",
      "organisationID": "1320",
      "organisationName": "FF Eidenberg",
      "organisationType": "FF",
      "dateFrom": "2000-01-07",
      "dateTo": "2001-01-02",
      "iVolunteerSource": "LFV OÖ",
      "personID": "5dc2a215399af"
    },
    {
      "roleID": "2005",
      "roleType": "Dienstgrade",
      "roleName": "Feuerwehrmann",
      "roleDescription": "Feuerwehrmann",
      "organisationID": "1320",
      "organisationName": "FF Eidenberg",
      "organisationType": "FF",
      "dateFrom": "2001-01-03",
      "dateTo": "2003-01-02",
      "iVolunteerSource": "LFV OÖ",
      "personID": "5dc2a215399af"
    },
    {
      "roleID": "2006",
      "roleType": "Dienstgrade",
      "roleName": "Oberfeuerwehrmann",
      "roleDescription": "Oberfeuerwehrmann",
      "organisationID": "1320",
      "organisationName": "FF Eidenberg",
      "organisationType": "FF",
      "dateFrom": "2003-01-03",
      "dateTo": "2003-04-02",
      "iVolunteerSource": "LFV OÖ",
      "personID": "5dc2a215399af"
    },
    {
      "roleID": "2020",
      "roleType": "Dienstgrade",
      "roleName": "Brandinspektor",
      "roleDescription": "Brandinspektor",
      "organisationID": "1320",
      "organisationName": "FF Eidenberg",
      "organisationType": "FF",
      "dateFrom": "2003-04-03",
      "dateTo": "2008-03-25",
      "iVolunteerSource": "LFV OÖ",
      "personID": "5dc2a215399af"
    },
    {
      "roleID": "2015",
      "roleType": "Dienstgrade",
      "roleName": "Oberamtswalter",
      "roleDescription": "Oberamtswalter",
      "organisationID": "156",
      "organisationName": "AB Ottensheim",
      "organisationType": "Abschnitt",
      "dateFrom": "2004-04-26",
      "dateTo": "2009-04-28",
      "iVolunteerSource": "LFV OÖ",
      "personID": "5dc2a215399af"
    },
    {
      "roleID": "2024",
      "roleType": "Dienstgrade",
      "roleName": "Hauptbrandinspektor",
      "roleDescription": "Hauptbrandinspektor",
      "organisationID": "1320",
      "organisationName": "FF Eidenberg",
      "organisationType": "FF",
      "dateFrom": "2008-03-26",
      "dateTo": null,
      "iVolunteerSource": "LFV OÖ",
      "personID": "5dc2a215399af"
    },
    {
      "roleID": "2016",
      "roleType": "Dienstgrade",
      "roleName": "Hauptamtswalter",
      "roleDescription": "Hauptamtswalter",
      "organisationID": "112",
      "organisationName": "Bez Urfahr-Umgebung",
      "organisationType": "Bezirk",
      "dateFrom": "2009-04-29",
      "dateTo": null,
      "iVolunteerSource": "LFV OÖ",
      "personID": "5dc2a215399af"
    },
    {
      "roleID": "2097",
      "roleType": "Funktionen",
      "roleName": "Zugskommandant",
      "roleDescription": "Zugskommandant",
      "organisationID": "1320",
      "organisationName": "FF Eidenberg",
      "organisationType": "FF",
      "dateFrom": "2003-04-03",
      "dateTo": "2008-03-25",
      "iVolunteerSource": "LFV OÖ",
      "personID": "5dc2a215399af"
    },
    {
      "roleID": "2115",
      "roleType": "Funktionen",
      "roleName": "OAW für EDV",
      "roleDescription": "OAW für EDV",
      "organisationID": "156",
      "organisationName": "AB Ottensheim",
      "organisationType": "Abschnitt",
      "dateFrom": "2004-04-26",
      "dateTo": "2009-04-28",
      "iVolunteerSource": "LFV OÖ",
      "personID": "5dc2a215399af"
    },
    {
      "roleID": "2107",
      "roleType": "Funktionen",
      "roleName": "Feuerwehrkommandant",
      "roleDescription": "Feuerwehrkommandant",
      "organisationID": "1320",
      "organisationName": "FF Eidenberg",
      "organisationType": "FF",
      "dateFrom": "2008-03-26",
      "dateTo": null,
      "iVolunteerSource": "LFV OÖ",
      "personID": "5dc2a215399af"
    },
    {
      "roleID": "2110",
      "roleType": "Funktionen",
      "roleName": "Pflichtbereichs-Feuerwehrkommandant",
      "roleDescription": "Pflichtbereichs-Feuerwehrkommandant",
      "organisationID": "512",
      "organisationName": "Gem Eidenberg",
      "organisationType": "Gemeinde",
      "dateFrom": "2008-03-26",
      "dateTo": null,
      "iVolunteerSource": "LFV OÖ",
      "personID": "5dc2a215399af"
    },
    {
      "roleID": "2133",
      "roleType": "Funktionen",
      "roleName": "HAW für EDV",
      "roleDescription": "HAW für EDV",
      "organisationID": "112",
      "organisationName": "Bez Urfahr-Umgebung",
      "organisationType": "Bezirk",
      "dateFrom": "2009-04-29",
      "dateTo": null,
      "iVolunteerSource": "LFV OÖ",
      "personID": "5dc2a215399af"
    },
    {
      "roleID": "3564",
      "roleType": "Funktionen",
      "roleName": "Prüfer für 5,5to Berechtigung",
      "roleDescription": "Prüfer für 5,5to Berechtigung",
      "organisationID": "1320",
      "organisationName": "FF Eidenberg",
      "organisationType": "FF",
      "dateFrom": "2012-01-13",
      "dateTo": null,
      "iVolunteerSource": "LFV OÖ",
      "personID": "5dc2a215399af"
    },
    {
      "roleID": "2127",
      "roleType": "Funktionen",
      "roleName": "Stv. des Abschnitts-Feuerwehrkommandanten",
      "roleDescription": "Stv. des Abschnitts-Feuerwehrkommandanten",
      "organisationID": "156",
      "organisationName": "AB Ottensheim",
      "organisationType": "Abschnitt",
      "dateFrom": "2019-01-13",
      "dateTo": null,
      "iVolunteerSource": "LFV OÖ",
      "personID": "5dc2a215399af"
    },
    {
      "roleID": "1",
      "roleType": "Mitgliedschaften",
      "roleName": "Aktiver Musiker",
      "roleDescription": "Aktiver Musiker (nicht mehr in Ausbildung)",
      "organisationID": "1320",
      "organisationName": "Musikverein Gunskirchen",
      "organisationType": "BV",
      "dateFrom": "1999-09-01",
      "dateTo": null,
      "iVolunteerSource": "OÃ–BV",
      "personID": "10004"
    },
    {
      "roleID": "204",
      "roleType": "EDV-Referent",
      "roleName": "EDV-Referent",
      "roleDescription": "EDV-Referent",
      "organisationID": "1320",
      "organisationName": "Musikverein Gunskirchen",
      "organisationType": "BV",
      "dateFrom": "2012-01-01",
      "dateTo": null,
      "iVolunteerSource": "OÃ–BV",
      "personID": "10004"
    },
    {
      "roleID": "205",
      "roleType": "Obmannstellvertreter",
      "roleName": "Obmannstellvertreter",
      "roleDescription": "Obmannstellvertreter",
      "organisationID": "1320",
      "organisationName": "Musikverein Gunskirchen",
      "organisationType": "BV",
      "dateFrom": "2014-04-18",
      "dateTo": "2016-03-19",
      "iVolunteerSource": "OÃ–BV",
      "personID": "10004"
    },
    {
      "roleID": "206",
      "roleType": "Obmann",
      "roleName": "Obmann",
      "roleDescription": "Obmann",
      "organisationID": "1320",
      "organisationName": "Musikverein Gunskirchen",
      "organisationType": "BV",
      "dateFrom": "2018-01-30",
      "dateTo": null,
      "iVolunteerSource": "OÃ–BV",
      "personID": "10004"
    },
    {
      "roleID": "207",
      "roleType": "Bezirks-Medienreferent",
      "roleName": "Bezirks-Medienreferent",
      "roleDescription": "Bezirks-Medienreferent",
      "organisationID": "1320",
      "organisationName": "BV Bezirk Wels",
      "organisationType": "BV",
      "dateFrom": "2017-08-28",
      "dateTo": "2018-08-13",
      "iVolunteerSource": "OÃ–BV",
      "personID": "10004"
    },
    {
      "roleID": "1",
      "roleType": "Mitgliedschaften",
      "roleName": "Aktiv",
      "roleDescription": "Aktiv",
      "organisationID": "1320",
      "organisationName": "RK Enns",
      "organisationType": "RK",
      "dateFrom": "2011-02-07",
      "dateTo": null,
      "iVolunteerSource": "RK OÃ–",
      "personID": "99992"
    },
    {
      "roleID": "2004",
      "roleType": "Dienstgrade",
      "roleName": "Probehelfer",
      "roleDescription": "Probehelfer",
      "organisationID": "1320",
      "organisationName": "RK Enns",
      "organisationType": "RK",
      "dateFrom": "2001-02-07",
      "dateTo": "2002-01-07",
      "iVolunteerSource": "RK OÃ–",
      "personID": "99992"
    },
    {
      "roleID": "2005",
      "roleType": "Dienstgrade",
      "roleName": "Helfer",
      "roleDescription": "Helfer",
      "organisationID": "1320",
      "organisationName": "RK Enns",
      "organisationType": "RK",
      "dateFrom": "2002-01-08",
      "dateTo": "2006-07-09",
      "iVolunteerSource": "RK OÃ–",
      "personID": "99992"
    },
    {
      "roleID": "2004",
      "roleType": "Dienstgrade",
      "roleName": "Oberhelfer",
      "roleDescription": "Oberhelfer",
      "organisationID": "1320",
      "organisationName": "RK Enns",
      "organisationType": "RK",
      "dateFrom": "2006-07-10",
      "dateTo": "2008-10-17",
      "iVolunteerSource": "RK OÃ–",
      "personID": "99992"
    },
    {
      "roleID": "2020",
      "roleType": "Dienstgrade",
      "roleName": "Haupthelfer",
      "roleDescription": "Haupthelfer",
      "organisationID": "1320",
      "organisationName": "RK Enns",
      "organisationType": "RK",
      "dateFrom": "2008-10-18",
      "dateTo": null,
      "iVolunteerSource": "RK OÃ–",
      "personID": "99992"
    },
    {
      "roleID": "1",
      "roleType": "Mitgliedschaften",
      "roleName": "Aktiv",
      "roleDescription": "Aktiv",
      "organisationID": "1320",
      "organisationName": "RK Wilhering",
      "organisationType": "RK",
      "dateFrom": "2013-09-24",
      "dateTo": null,
      "iVolunteerSource": "RK OÃ–",
      "personID": "54994"
    },
    {
      "roleID": "2004",
      "roleType": "Dienstgrade",
      "roleName": "ZugsfÃ¼hrer",
      "roleDescription": "ZugsfÃ¼hrer",
      "organisationID": "1320",
      "organisationName": "Wilhering",
      "organisationType": "RK",
      "dateFrom": "2018-06-07",
      "dateTo": null,
      "iVolunteerSource": "RK OÃ–",
      "personID": "54994"
    },
    {
      "roleID": "2005",
      "roleType": "Funktion",
      "roleName": "RettungssanitÃ¤ter",
      "roleDescription": "RettungssanitÃ¤ter",
      "organisationID": "1320",
      "organisationName": "RK Wilhering",
      "organisationType": "RK",
      "dateFrom": "2014-07-05",
      "dateTo": null,
      "iVolunteerSource": "RK OÃ–",
      "personID": "54994"
    },
    {
      "roleID": "2005",
      "roleType": "Funktion",
      "roleName": "Einsatzlenker",
      "roleDescription": "RettungssanitÃ¤ter",
      "organisationID": "1320",
      "organisationName": "RK Wilhering",
      "organisationType": "RK",
      "dateFrom": "2014-10-01",
      "dateTo": null,
      "iVolunteerSource": "RK OÃ–",
      "personID": "54994"
    },
    {
      "roleID": "2005",
      "roleType": "Funktion",
      "roleName": "SEG-Mitarbeiter",
      "roleDescription": "RettungssanitÃ¤ter",
      "organisationID": "1320",
      "organisationName": "RK Wilhering",
      "organisationType": "RK",
      "dateFrom": "2019-07-01",
      "dateTo": null,
      "iVolunteerSource": "RK OÃ–",
      "personID": "54994"
    },
    {
      "roleID": "2005",
      "roleType": "Funktion",
      "roleName": "PR-Team",
      "roleDescription": "PR-Team",
      "organisationID": "1320",
      "organisationName": "RK Wilhering",
      "organisationType": "RK",
      "dateFrom": "2016-10-01",
      "dateTo": null,
      "iVolunteerSource": "RK OÃ–",
      "personID": "54994"
    },
    {
      "roleID": "2005",
      "roleType": "Funktion",
      "roleName": "Gruppenkommandant",
      "roleDescription": "Gruppenkommandant",
      "organisationID": "1320",
      "organisationName": "RK Wilhering",
      "organisationType": "RK",
      "dateFrom": "2016-06-19",
      "dateTo": null,
      "iVolunteerSource": "RK OÃ–",
      "personID": "54994"
    }
  ]